City ID,City,Lat,Lng,Max_Temp,Humidity,Cloudiness,Wind Speed,Country,Weather description
0,Beyneu,45.3167,55.2,54.7,55,14,22.53,KZ,few clouds
1,Albany,42.6001,-73.9662,50.95,48,99,1.01,US,overcast clouds
2,Mahebourg,-20.4081,57.7,79.25,83,75,9.22,MU,broken clouds
3,Nemuro,43.3236,145.575,37.27,86,1,14.36,JP,clear sky
4,Ushuaia,-54.8,-68.3,40.66,65,40,18.41,AR,scattered clouds
5,Bethel,41.3712,-73.414,55.63,48,97,4.0,US,overcast clouds
6,Laguna,38.421,-121.4238,68.31,52,0,5.75,US,clear sky
7,Omboue,-1.5746,9.2618,78.19,88,13,5.14,GA,few clouds
8,Elko,41.0002,-115.5012,48.63,43,100,18.01,US,overcast clouds
9,Hilo,19.7297,-155.09,73.26,86,75,9.22,US,light rain
10,Rawson,-43.3002,-65.1023,68.54,29,25,21.77,AR,scattered clouds
11,Ilulissat,69.2167,-51.1,33.12,80,15,2.66,GL,few clouds
12,Tasiilaq,65.6145,-37.6368,14.54,92,97,9.4,GL,overcast clouds
13,Kutum,14.2,24.6667,82.2,10,8,5.84,SD,clear sky
14,Arraial Do Cabo,-22.9661,-42.0278,85.96,74,0,14.97,BR,clear sky
15,Carnarvon,-24.8667,113.6333,73.47,88,0,12.66,AU,clear sky
16,Shelburne,44.0787,-80.2041,45.75,62,100,6.73,CA,overcast clouds
17,Fonte Boa,-2.4959,-66.2662,81.54,89,53,0.47,BR,broken clouds
18,Qaanaaq,77.484,-69.3632,21.78,75,100,7.67,GL,overcast clouds
19,Butaritari,3.0707,172.7902,81.59,79,34,13.76,KI,scattered clouds
20,Sinegorye,62.0788,150.477,-11.4,100,67,0.69,RU,broken clouds
21,Lloydminster,53.2835,-110.0016,48.42,49,40,16.11,CA,scattered clouds
22,Bonavista,48.6499,-53.1147,37.2,78,89,9.86,CA,overcast clouds
23,Sitka,57.0531,-135.33,40.87,80,42,3.06,US,scattered clouds
24,Mount Gambier,-37.8333,140.7667,42.71,100,100,0.0,AU,mist
25,Zhangye,38.9342,100.4517,49.32,20,0,4.03,CN,clear sky
26,Torbay,47.6666,-52.7314,48.97,67,40,18.41,CA,scattered clouds
27,Rikitea,-23.1203,-134.9692,77.76,63,5,11.5,PF,clear sky
28,Sabla,12.7525,4.7077,93.97,17,100,4.05,NG,overcast clouds
29,Avarua,-21.2078,-159.775,78.85,94,100,2.3,CK,overcast clouds
30,Codrington,-38.2667,141.9667,51.15,86,100,2.64,AU,overcast clouds
31,Barrow,71.2906,-156.7887,-5.78,77,100,18.41,US,light snow
32,Ambulu,-8.345,113.6058,74.21,91,6,3.58,ID,clear sky
33,Sao Filipe,14.8961,-24.4956,71.33,76,0,10.02,CV,clear sky
34,Saskylakh,71.9167,114.0833,-6.07,98,100,7.18,RU,overcast clouds
35,Punta Arenas,-53.15,-70.9167,44.62,70,20,29.93,CL,few clouds
36,Jamestown,42.097,-79.2353,45.01,48,75,6.91,US,broken clouds
37,Leshukonskoye,64.8989,45.7622,15.82,95,24,2.06,RU,few clouds
38,Atuona,-9.8,-139.0333,79.34,77,8,22.57,PF,clear sky
39,Kapaa,22.0752,-159.319,76.98,76,100,4.0,US,overcast clouds
40,Ararangua,-28.9347,-49.4858,75.67,73,100,6.06,BR,overcast clouds
41,Cervo,43.6702,-7.4101,49.96,64,3,17.29,ES,clear sky
42,Faya,18.3851,42.4509,69.91,22,7,6.6,SA,clear sky
43,Tura,25.5198,90.2201,72.66,87,3,8.84,IN,clear sky
44,Naze,28.3667,129.4833,50.92,55,0,5.19,JP,clear sky
45,Bubaque,11.2833,-15.8333,76.06,73,9,23.29,GW,clear sky
46,Hithadhoo,-0.6,73.0833,83.41,68,49,3.76,MV,scattered clouds
47,Yerbogachen,61.2767,108.0108,-5.67,100,90,3.0,RU,overcast clouds
48,Sayyan,15.1718,44.3244,60.4,15,0,3.71,YE,clear sky
49,Chumphon,10.3333,98.8333,68.79,96,100,1.9,TH,overcast clouds
50,Divnogorsk,55.9594,92.3619,30.74,98,100,3.87,RU,light snow
51,Kavaratti,10.5669,72.642,82.29,74,68,3.74,IN,broken clouds
52,Seoul,37.5683,126.9778,42.24,79,0,3.44,KR,clear sky
53,Bredasdorp,-34.5322,20.0403,63.79,73,7,13.53,ZA,clear sky
54,Mataura,-46.1927,168.8643,52.27,82,100,3.36,NZ,overcast clouds
55,Yar-Sale,66.8333,70.8333,28.65,98,100,8.41,RU,light snow
56,Klaksvik,62.2266,-6.589,34.72,64,100,17.81,FO,overcast clouds
57,Cabrero,-37.0333,-72.4,73.62,25,4,12.71,CL,clear sky
58,Kholm,59.2667,32.85,31.15,82,100,10.38,RU,overcast clouds
59,Guozhen,34.3659,107.359,57.79,53,0,4.88,CN,clear sky
60,Muzhi,65.3667,64.6667,25.3,95,95,8.52,RU,overcast clouds
61,Kouvola,60.8667,26.7,32.32,99,100,14.97,FI,snow
62,Vaini,-21.2,-175.2,69.96,100,100,6.91,TO,light rain
63,Luderitz,-26.6481,15.1594,60.44,82,0,6.26,NA,clear sky
64,Manhattan,40.7834,-73.9662,55.92,42,100,8.99,US,overcast clouds
65,Manzanillo,20.3433,-77.1167,89.69,47,77,7.83,CU,broken clouds
66,Zagora,30.3484,-5.8365,66.52,38,83,27.56,MA,broken clouds
67,Acajutla,13.5928,-89.8275,86.22,60,31,8.46,SV,scattered clouds
68,Norman Wells,65.282,-126.8329,-5.76,65,75,8.05,CA,broken clouds
69,Hobart,-42.8794,147.3294,55.26,84,100,16.11,AU,light rain
70,Phan Thiet,10.9333,108.1,77.95,76,33,6.13,VN,scattered clouds
71,Aklavik,68.2191,-135.0107,-10.93,92,100,11.61,CA,light snow
72,Caruray,10.3094,119.0128,78.57,85,87,4.47,PH,overcast clouds
73,Jalu,29.0331,21.5482,86.97,7,0,7.78,LY,clear sky
74,Puerto Ayora,-0.7393,-90.3518,82.54,88,55,4.0,EC,broken clouds
75,Fairbanks,64.8378,-147.7164,14.49,71,100,1.01,US,overcast clouds
76,Chokurdakh,70.6333,147.9167,-17.7,100,98,8.39,RU,overcast clouds
77,Waipawa,-41.4122,175.5153,53.38,90,87,6.82,NZ,overcast clouds
78,Cidreira,-30.1811,-50.2056,69.87,90,100,7.25,BR,overcast clouds
79,Georgetown,5.4112,100.3354,80.53,92,40,8.05,MY,scattered clouds
80,Busselton,-33.65,115.3333,52.74,81,0,9.24,AU,clear sky
81,Katsuura,35.1333,140.3,49.91,90,100,26.55,JP,overcast clouds
82,Mitsamiouli,-11.3847,43.2844,82.08,73,5,2.26,KM,clear sky
83,Cabedelo,-6.9811,-34.8339,86.67,66,3,13.15,BR,clear sky
84,New Norfolk,-42.7826,147.0587,54.9,80,100,1.01,AU,overcast clouds
85,Qaqortoq,60.7167,-46.0333,40.77,71,100,2.17,GL,overcast clouds
86,Cape Town,-33.9258,18.4232,63.88,86,20,10.36,ZA,few clouds
87,Longyearbyen,78.2186,15.6401,10.24,56,7,23.02,SJ,clear sky
88,Saint-Philippe,-21.3585,55.7679,76.59,86,100,13.71,RE,overcast clouds
89,Yellowknife,62.456,-114.3525,37.42,60,75,11.5,CA,broken clouds
90,Illapel,-31.6308,-71.1653,80.17,31,0,8.23,CL,clear sky
91,Sasciori,45.8667,23.5833,37.54,69,1,4.36,RO,clear sky
92,Upernavik,72.7868,-56.1549,28.6,76,100,4.16,GL,overcast clouds
93,Pisco,-13.7,-76.2167,70.02,73,0,11.5,PE,clear sky
94,Urengoy,65.9667,78.3667,28.78,96,100,18.16,RU,light snow
95,Bandar-E Lengeh,26.5579,54.8807,77.11,57,2,6.91,IR,haze
96,Port Hedland,-20.3167,118.5667,78.85,89,0,6.91,AU,clear sky
97,Kuching,1.55,110.3333,77.22,94,40,2.3,MY,light rain
98,Del Rio,29.3627,-100.8968,77.4,65,100,13.8,US,overcast clouds
99,Dutse,11.7594,9.3392,87.66,7,12,6.85,NG,few clouds
100,Faanui,-16.4833,-151.75,82.8,70,31,18.68,PF,scattered clouds
101,Kieta,-6.2167,155.6333,79.79,85,100,2.89,PG,overcast clouds
102,Aloleng,16.1307,119.7824,79.48,68,14,10.33,PH,few clouds
103,Thompson,55.7435,-97.8558,39.36,48,20,9.22,CA,few clouds
104,Kokopo,-4.352,152.2633,77.34,84,96,4.12,PG,light rain
105,Lebu,-37.6167,-73.65,58.46,71,73,18.07,CL,broken clouds
106,Nikolskoye,59.7035,30.7861,37.8,72,100,12.53,RU,overcast clouds
107,Zapolyarnyy,69.4154,30.8136,18.68,100,93,5.82,RU,overcast clouds
108,Altamont,42.2068,-121.7372,45.77,90,100,14.0,US,light rain
109,Adrar,20.5022,-10.0711,83.34,18,0,8.7,MR,clear sky
110,Zorritos,-3.6805,-80.6782,82.69,72,52,11.88,PE,broken clouds
111,Kimbe,-5.5502,150.1429,76.12,94,100,1.12,PG,light rain
112,Forio,40.7342,13.8646,53.89,78,100,7.0,IT,overcast clouds
113,Shimoda,34.6667,138.95,45.1,81,9,10.25,JP,clear sky
114,Meylan,45.2199,5.7901,40.44,87,32,1.97,FR,scattered clouds
115,Berlevag,70.8578,29.0864,19.2,68,98,10.96,NO,light snow
116,Cherskiy,68.75,161.3,-22.85,99,71,1.86,RU,broken clouds
117,Nouadhibou,20.931,-17.0347,69.78,78,20,12.66,MR,few clouds
118,Macduff,57.6701,-2.4969,42.22,82,100,15.97,GB,light rain
119,Poronaysk,49.2167,143.1167,32.27,91,78,5.19,RU,broken clouds
120,Marsaxlokk,35.8419,14.5431,58.08,88,75,16.11,MT,broken clouds
121,Kruisfontein,-34.0033,24.7314,62.89,81,0,14.43,ZA,clear sky
122,Abonnema,4.7084,6.7931,81.48,78,100,6.71,NG,overcast clouds
123,Churapcha,62.0025,132.4325,3.76,99,99,4.52,RU,overcast clouds
124,Mabaruma,8.2,-59.7833,82.4,78,40,9.22,GY,scattered clouds
125,Inongo,-1.95,18.2667,78.3,71,40,3.38,CD,scattered clouds
126,Salalah,17.0151,54.0924,77.61,72,2,2.44,OM,clear sky
127,Vostok,46.4856,135.8833,30.4,86,89,5.82,RU,overcast clouds
128,Comodoro Rivadavia,-45.8667,-67.5,64.26,34,100,39.12,AR,dust
129,Victoria,22.2855,114.1577,66.38,73,78,10.0,HK,broken clouds
130,Lagoa,39.05,-27.9833,59.49,66,100,7.63,PT,overcast clouds
131,Japura,-0.3167,102.35,73.29,98,29,0.85,ID,scattered clouds
132,Baillif,16.0202,-61.7463,83.7,63,7,11.34,GP,clear sky
133,Barcelos,41.5388,-8.6151,59.14,42,100,4.81,PT,overcast clouds
134,Port Shepstone,-30.7414,30.455,75.97,82,85,10.11,ZA,overcast clouds
135,Fallon,39.4735,-118.7774,64.45,33,100,11.81,US,overcast clouds
136,Merauke,-8.4667,140.3333,77.76,87,52,5.64,ID,broken clouds
137,Airai,-8.9266,125.4092,58.5,92,69,1.39,TL,broken clouds
138,Sola,-13.8833,167.55,82.13,74,100,13.56,VU,overcast clouds
139,Pochutla,15.7432,-96.4661,88.83,37,0,11.95,MX,clear sky
140,Cabatuan,10.8794,122.486,77.32,84,100,9.78,PH,light rain
141,Ambilobe,-13.2,49.05,74.55,95,82,2.55,MG,light rain
142,Dawei,14.0833,98.2,73.56,60,100,5.75,MM,overcast clouds
143,Namibe,-15.1961,12.1522,69.78,81,73,8.57,AO,broken clouds
144,Itarema,-2.9248,-39.9167,82.29,79,65,11.81,BR,light rain
145,Hermanus,-34.4187,19.2345,62.8,81,12,14.18,ZA,light rain
146,Luba,3.4568,8.5547,82.06,81,81,6.38,GQ,broken clouds
147,Alofi,-19.0595,-169.9187,73.29,94,100,1.14,NU,overcast clouds
148,Dikson,73.5069,80.5464,-1.97,96,90,8.16,RU,overcast clouds
149,Mandalgovi,45.7625,106.2708,32.76,58,100,5.44,MN,overcast clouds
150,Vanavara,60.34,102.2797,-1.59,99,100,1.83,RU,overcast clouds
151,Turayf,31.6725,38.6637,70.05,16,0,11.5,SA,clear sky
152,Castro,-24.7911,-50.0119,72.03,88,100,7.52,BR,light rain
153,Kodiak,57.79,-152.4072,34.79,59,100,5.19,US,overcast clouds
154,Ganzhou,28.8184,115.4327,59.67,71,99,3.15,CN,light rain
155,Atar,20.5169,-13.0499,80.65,19,0,6.91,MR,clear sky
156,Holboca,47.15,27.7,43.9,54,0,1.14,RO,clear sky
157,Port Elizabeth,-33.918,25.5701,65.1,85,0,12.66,ZA,clear sky
158,Linguere,15.3953,-15.1193,93.42,31,0,6.91,SN,clear sky
159,Beringovskiy,63.05,179.3167,-7.28,89,100,12.68,RU,overcast clouds
160,Pyapon,16.2833,95.6833,78.6,69,100,3.83,MM,overcast clouds
161,Namatanai,-3.6667,152.4333,79.61,83,89,7.25,PG,light rain
162,Te Anau,-45.4167,167.7167,55.71,94,100,1.54,NZ,overcast clouds
163,Nome,64.5011,-165.4064,10.17,61,0,8.16,US,clear sky
164,Ganta,7.3022,-8.5308,71.49,98,100,1.05,LR,heavy intensity rain
165,Bluff,-46.6,168.3333,54.54,81,100,9.19,NZ,overcast clouds
166,Mitla,16.9167,-96.4,85.96,22,0,6.73,MX,clear sky
167,Lulea,65.5842,22.1547,24.87,63,0,4.61,SE,clear sky
168,Puro,12.4841,123.3827,78.85,88,99,12.28,PH,overcast clouds
169,Pacasmayo,-7.4006,-79.5714,75.07,71,37,14.0,PE,scattered clouds
170,Tazovskiy,67.4667,78.7,25.9,94,100,23.87,RU,light snow
171,Bressuire,46.9167,-0.5,42.96,64,100,9.75,FR,overcast clouds
172,Williamsburg,37.2707,-76.7075,63.91,40,0,4.0,US,clear sky
173,Port Alfred,-33.5906,26.891,62.19,87,0,4.0,ZA,clear sky
174,Tapes,-30.6733,-51.3958,69.96,87,94,8.77,BR,overcast clouds
175,Havelock,34.8791,-76.9013,64.98,49,40,3.0,US,scattered clouds
176,Dubbo,-32.25,148.6167,48.33,76,0,3.44,AU,clear sky
177,Riyadh,24.6877,46.7219,86.14,10,0,8.43,SA,clear sky
178,Ponta Do Sol,32.6667,-17.1,58.71,67,37,12.55,PT,scattered clouds
179,Saint-Augustin,51.226,-58.6502,32.97,99,100,1.99,CA,overcast clouds
180,Dafeng,23.4517,108.5881,64.04,61,5,2.17,CN,clear sky
181,Paonta Sahib,30.45,77.6167,75.11,12,100,6.67,IN,overcast clouds
182,Gurupa,-1.405,-51.64,80.64,84,92,2.44,BR,overcast clouds
183,Yatou,37.15,122.3833,45.07,75,100,13.13,CN,overcast clouds
184,Inirida,3.8653,-67.9239,86.11,69,55,1.28,CO,broken clouds
185,Altay,47.8667,88.1167,40.57,51,100,8.34,CN,overcast clouds
186,Bengkulu,-3.8004,102.2655,75.97,85,28,4.59,ID,scattered clouds
187,Uruguaiana,-29.7547,-57.0883,75.13,69,75,11.5,BR,broken clouds
188,Calvinia,-31.4707,19.776,53.76,77,52,6.46,ZA,broken clouds
189,Yankton,42.8711,-97.3973,54.12,46,0,10.36,US,clear sky
190,Sabana De Torres,7.3915,-73.4957,86.61,62,80,2.33,CO,broken clouds
191,Santiago,-33.4569,-70.6483,86.29,24,0,8.05,CL,clear sky
192,Coracora,-15.0333,-73.7833,58.71,61,91,8.61,PE,overcast clouds
193,Tautira,-17.7333,-149.15,81.63,79,87,16.67,PF,light rain
194,Bilma,18.6853,12.9164,90.73,6,6,8.63,NE,clear sky
195,Hambantota,6.1241,81.1185,75.54,100,40,4.61,LK,scattered clouds
196,Buin,-33.7333,-70.75,82.44,19,0,7.61,CL,clear sky
197,Palmer,42.1584,-72.3287,55.85,34,20,10.36,US,few clouds
198,Umm Kaddadah,13.6017,26.6876,86.83,11,39,8.08,SD,scattered clouds
199,Hervey Bay,-25.2986,152.8535,70.36,82,4,8.5,AU,light rain
200,Tamworth,52.634,-1.6959,55.72,87,100,8.01,GB,overcast clouds
201,Nelson Bay,-32.7167,152.15,61.0,92,0,9.01,AU,clear sky
202,Iqaluit,63.7506,-68.5145,11.93,72,75,23.02,CA,broken clouds
203,Bouna,9.2667,-3.0,84.7,50,77,4.74,CI,light rain
204,Mahibadhoo,3.7833,72.9667,83.48,64,6,1.45,MV,clear sky
205,Novikovo,51.1537,37.8879,32.83,75,70,7.02,RU,broken clouds
206,Tucurui,-3.7661,-49.6725,83.41,82,43,2.21,BR,scattered clouds
207,Pahrump,36.2083,-115.9839,77.25,12,91,4.0,US,overcast clouds
208,Sosnovo-Ozerskoye,52.5249,111.5418,7.36,84,9,6.46,RU,clear sky
209,Lakes Entrance,-37.8811,147.981,49.15,89,38,8.66,AU,scattered clouds
210,Tadine,-21.55,167.8833,78.24,85,100,9.53,NC,light rain
211,Alghero,40.5589,8.3181,53.69,66,0,9.22,IT,clear sky
212,College,64.8569,-147.8028,14.47,70,100,1.99,US,overcast clouds
213,Phangnga,8.4509,98.5298,78.84,94,100,4.25,TH,overcast clouds
214,Saldanha,-33.0117,17.9442,62.65,83,1,6.8,ZA,light rain
215,Komsomolskiy,40.4272,71.7189,61.52,51,0,9.22,UZ,clear sky
216,Necochea,-38.5473,-58.7368,65.14,41,0,12.26,AR,clear sky
217,Vysokogornyy,50.1167,139.15,29.86,94,100,0.87,RU,overcast clouds
218,Dusetos,55.75,25.85,37.45,79,100,15.82,LT,overcast clouds
219,Esperance,-33.8667,121.9,58.84,76,76,15.46,AU,broken clouds
220,Kpandu,6.9954,0.2931,86.2,62,100,8.01,GH,overcast clouds
221,Endicott,42.0984,-76.0494,46.56,67,20,9.22,US,few clouds
222,Hwange,-18.3693,26.5019,69.13,91,94,1.01,ZW,light rain
223,Las Vegas,36.175,-115.1372,84.61,15,0,4.61,US,clear sky
224,Meulaboh,4.1363,96.1285,76.37,86,100,2.86,ID,overcast clouds
225,Lagos,6.5833,3.75,86.32,76,90,6.85,NG,overcast clouds
226,Gemena,3.25,19.7667,78.87,62,86,2.84,CD,overcast clouds
227,Nanortalik,60.1432,-45.2371,37.4,77,100,1.72,GL,overcast clouds
228,Kupino,54.3663,77.2981,36.07,81,100,8.99,RU,overcast clouds
229,Lazaro Cardenas,17.9583,-102.2,81.12,55,45,10.54,MX,scattered clouds
230,Alihe,50.5667,123.7167,25.84,89,100,6.42,CN,snow
231,Cabo San Lucas,22.8909,-109.9124,77.61,67,46,3.0,MX,scattered clouds
232,Kurumkan,54.3,110.3,7.52,89,14,4.85,RU,few clouds
233,Port Blair,11.6667,92.75,80.64,83,40,0.0,IN,mist
234,Aykhal,66.0,111.5,-1.77,100,100,4.52,RU,overcast clouds
235,Aketi,2.7388,23.7833,74.73,82,25,2.8,CD,scattered clouds
236,Taoudenni,22.6783,-3.9836,90.1,13,0,9.08,ML,clear sky
237,Vila Velha,-20.3297,-40.2925,85.95,75,20,12.66,BR,few clouds
238,Semnan,35.5729,53.3971,70.83,19,54,4.88,IR,broken clouds
239,Saint Anthony,45.0205,-93.218,42.93,77,75,6.91,US,broken clouds
240,Grand Gaube,-20.0064,57.6608,79.38,84,100,4.0,MU,overcast clouds
241,Tabory,58.5198,64.5495,33.73,100,100,2.35,RU,overcast clouds
242,Amapa,1.0,-52.0,72.9,99,100,5.17,BR,overcast clouds
243,Coahuayana,18.7333,-103.6833,86.09,42,53,7.7,MX,broken clouds
244,Dingle,10.9995,122.6711,76.55,89,100,6.82,PH,overcast clouds
245,Nyrob,60.733,56.7202,20.35,96,100,4.23,RU,overcast clouds
246,Sarh,9.1429,18.3923,93.11,36,20,0.0,TD,few clouds
247,Riachao Das Neves,-11.7461,-44.91,93.67,26,18,6.06,BR,few clouds
248,Lapy,52.9911,22.8842,37.26,79,100,22.15,PL,overcast clouds
249,Tuatapere,-46.1333,167.6833,56.39,88,100,5.55,NZ,overcast clouds
250,Tuktoyaktuk,69.4541,-133.0374,-16.6,69,75,9.22,CA,broken clouds
251,Bathsheba,13.2167,-59.5167,84.81,58,20,17.27,BB,few clouds
252,Aswan,24.0934,32.907,96.1,9,0,9.22,EG,clear sky
253,Samarai,-10.6167,150.6667,81.03,80,97,12.28,PG,overcast clouds
254,Khatanga,71.9667,102.5,-30.17,100,30,4.03,RU,scattered clouds
255,Fortuna,40.5982,-124.1573,52.66,96,75,11.5,US,light rain
256,Tessalit,20.1986,1.0114,94.05,5,0,8.05,ML,clear sky
257,Grenaa,56.4158,10.8783,43.02,91,100,1.01,DK,overcast clouds
258,Dennis,41.7354,-70.1939,55.49,49,45,8.05,US,scattered clouds
259,Jaltenango,15.8719,-92.7247,96.28,30,27,3.76,MX,scattered clouds
260,Camacha,33.0833,-16.3333,56.62,51,40,21.85,PT,scattered clouds
261,Acapulco,16.8634,-99.8901,84.42,54,6,10.65,MX,clear sky
262,Kajaani,64.2273,27.7285,30.25,93,100,10.36,FI,light snow
263,Tilichiki,60.4667,166.1,5.67,96,76,4.54,RU,broken clouds
264,Lavrentiya,65.5833,-171.0,-7.74,91,44,11.14,RU,scattered clouds
265,Cap Malheureux,-19.9842,57.6142,79.47,84,100,4.0,MU,overcast clouds
266,Sonoita,31.85,-112.8333,74.75,24,0,5.06,MX,clear sky
267,Kloulklubed,7.0419,134.2556,83.07,75,100,9.71,PW,light rain
268,Westport,41.1415,-73.3579,56.89,42,97,7.0,US,overcast clouds
269,Natal,-5.795,-35.2094,88.02,55,20,17.27,BR,few clouds
270,Rumphi,-11.0186,33.8575,65.61,93,71,3.13,MW,light rain
271,Andenes,69.3143,16.1194,26.58,54,0,8.05,NO,clear sky
272,Igrim,63.1906,64.4162,30.72,94,100,3.83,RU,overcast clouds
273,Nortelandia,-14.4547,-56.8028,90.12,48,5,4.68,BR,clear sky
274,Kiliya,45.4552,29.2637,40.75,72,15,10.33,UA,few clouds
275,Eureka,40.8021,-124.1637,52.93,94,100,3.0,US,overcast clouds
276,Arica,-18.475,-70.3042,80.15,66,17,8.68,CL,few clouds
277,Shaunavon,49.6501,-108.4181,49.78,33,67,22.44,CA,broken clouds
278,Ippy,6.2679,21.2247,71.4,84,100,9.35,CF,light rain
279,Port Hardy,50.6996,-127.4199,41.18,87,100,13.8,CA,shower rain
280,Chulym,55.0997,80.9572,34.36,84,100,8.08,RU,overcast clouds
281,Umba,66.6871,34.3429,22.23,93,100,10.74,RU,overcast clouds
282,Navahrudak,53.6,25.8333,32.65,84,100,18.7,BY,overcast clouds
283,Cantagalo,-21.9811,-42.3681,81.54,66,40,2.1,BR,scattered clouds
284,Half Moon Bay,37.4636,-122.4286,69.04,57,20,11.5,US,few clouds
285,Quang Ngai,15.1167,108.8,69.08,86,100,6.78,VN,overcast clouds
286,Shahreza,32.0339,51.8794,65.93,19,89,3.98,IR,overcast clouds
287,Deputatskiy,69.3,139.9,-16.22,98,100,1.34,RU,overcast clouds
288,Oyama,36.3,139.8,50.59,81,100,9.26,JP,overcast clouds
289,Sarangani,5.4033,125.4636,80.65,78,100,7.99,PH,light rain
290,Muli,2.9167,73.5667,83.46,63,9,3.11,MV,clear sky
291,Rio Gallegos,-51.6226,-69.2181,50.05,34,40,28.77,AR,scattered clouds
292,East London,-33.0153,27.9116,67.14,82,0,13.8,ZA,clear sky
293,Hamilton,39.1834,-84.5333,57.4,51,100,3.0,US,overcast clouds
294,Puerto Escondido,15.85,-97.0667,86.94,52,0,11.5,MX,clear sky
295,Yataity,-26.3667,-56.0667,76.95,83,99,2.15,PY,overcast clouds
296,Lompoc,34.6391,-120.4579,73.69,51,5,8.99,US,clear sky
297,Tiksi,71.6872,128.8694,-6.52,100,100,4.38,RU,overcast clouds
298,Verkhnevilyuysk,63.4453,120.3167,3.04,98,99,4.97,RU,overcast clouds
299,Mapastepec,15.4333,-92.9,94.35,42,12,11.39,MX,few clouds
300,Biltine,14.5333,20.9167,90.63,8,3,7.83,TD,clear sky
301,Goderich,43.7501,-81.7165,42.91,65,100,6.91,CA,overcast clouds
302,Olafsvik,64.8945,-23.7142,30.51,72,84,24.76,IS,broken clouds
303,Nava,28.4167,-100.7667,81.99,62,100,11.01,MX,overcast clouds
304,Alta Floresta,-9.8756,-56.0861,89.42,62,40,1.14,BR,thunderstorm
305,Kaitangata,-46.2817,169.8464,52.21,94,100,4.03,NZ,overcast clouds
306,Vaitape,-16.5167,-151.75,82.8,70,32,18.66,PF,scattered clouds
307,Ruangwa,-10.0667,38.9333,72.43,95,100,3.4,TZ,overcast clouds
308,Puerto Ayacucho,5.6639,-67.6236,89.55,52,100,0.74,VE,overcast clouds
309,Chuy,-33.6971,-53.4616,66.6,53,61,12.15,UY,broken clouds
310,San Quintin,30.4833,-115.95,65.05,70,0,16.02,MX,clear sky
311,Buala,-8.145,159.5921,81.25,83,98,11.99,SB,light rain
312,Pevek,69.7008,170.3133,-21.46,98,29,3.2,RU,scattered clouds
313,Vila Franca Do Campo,37.7167,-25.4333,61.21,60,99,4.16,PT,overcast clouds
314,Los Llanos De Aridane,28.6585,-17.9182,60.55,75,40,19.57,ES,scattered clouds
315,Capoterra,39.1763,8.9718,53.53,67,20,13.8,IT,few clouds
316,Souillac,-20.5167,57.5167,79.18,83,75,9.22,MU,broken clouds
317,Asau,46.4333,26.4,34.72,74,8,6.13,RO,clear sky
318,Wakkanai,45.4094,141.6739,42.37,70,0,30.02,JP,clear sky
319,Thap Than,15.4606,99.8917,75.65,53,100,4.45,TH,light rain
320,Kulgam,33.65,75.0167,55.62,39,0,1.52,IN,clear sky
321,Kattivakkam,13.2167,80.3167,84.29,86,9,10.22,IN,clear sky
322,Auki,-8.7676,160.7034,78.22,88,96,6.8,SB,light rain
323,Tiarei,-17.5333,-149.3333,86.02,79,68,16.42,PF,light rain
324,Muros,42.7762,-9.0603,53.1,55,0,18.52,ES,clear sky
325,Maniitsoq,65.4167,-52.9,32.68,71,7,3.51,GL,clear sky
326,Lorengau,-2.0226,147.2712,82.17,79,100,14.92,PG,moderate rain
327,Moctezuma,29.8,-109.6667,76.59,22,0,8.39,MX,clear sky
328,Vestmannaeyjar,63.4427,-20.2734,36.59,87,75,29.93,IS,broken clouds
329,Geraldton,-28.7667,114.6,66.61,82,0,14.97,AU,clear sky
330,Tateyama,34.9833,139.8667,51.1,89,100,29.33,JP,overcast clouds
331,Itoman,26.1247,127.6694,64.42,68,75,6.91,JP,broken clouds
332,Karratha,-20.7377,116.8463,82.29,66,0,11.32,AU,clear sky
333,Guerrero Negro,27.9769,-114.0611,65.89,56,2,16.58,MX,clear sky
334,Pokhara,28.2333,83.9833,72.25,44,2,6.51,NP,clear sky
335,Danjiangkou,32.5428,111.5086,61.72,68,100,3.0,CN,light rain
336,Roma,43.2128,-75.4557,45.95,69,100,8.01,US,overcast clouds
337,Braganca,-1.0536,-46.7656,78.13,90,100,3.58,BR,light rain
338,Porlamar,10.958,-63.8491,75.29,83,11,17.27,VE,few clouds
339,Ahuimanu,21.4447,-157.8378,76.19,69,100,8.99,US,overcast clouds
340,Petropavlovsk-Kamchatskiy,53.0452,158.6483,21.79,68,0,4.47,RU,clear sky
341,Tonj,7.2737,28.6822,86.27,41,40,3.98,SS,scattered clouds
342,Villa Del Rosario,7.8339,-72.4742,86.38,55,40,11.5,CO,scattered clouds
343,Kenai,60.5544,-151.2583,38.03,89,100,0.0,US,overcast clouds
344,Madawaska,47.3561,-68.3288,41.2,36,40,13.8,US,scattered clouds
345,Kpandae,8.4689,-0.0113,92.66,37,97,6.35,GH,overcast clouds
346,Kodinsk,58.6881,99.1844,5.45,98,96,3.4,RU,overcast clouds
347,Pacific Grove,36.6177,-121.9166,64.58,71,100,8.99,US,overcast clouds
348,Homer,59.6425,-151.5483,37.04,98,100,0.0,US,light rain
349,Ribeira Grande,38.5167,-28.7,63.0,72,40,3.44,PT,scattered clouds
350,Hobyo,5.3505,48.5268,81.75,71,100,10.98,SO,overcast clouds
351,Toma,12.7667,-2.8833,96.4,20,98,6.08,BF,overcast clouds
352,Sal Rei,16.1833,-22.9167,73.6,68,75,11.5,CV,broken clouds
353,Hit,33.6416,42.8251,75.87,17,16,8.75,IQ,few clouds
354,Saint-Denis,48.9167,2.3333,47.79,64,100,19.57,FR,overcast clouds
355,Mundo Nuevo,18.7,-95.5,84.65,67,1,12.93,MX,clear sky
356,Hovd,48.0056,91.6419,43.74,35,100,4.88,MN,overcast clouds
357,Swakopmund,-22.6833,14.5333,61.65,89,0,5.99,NA,clear sky
358,Karatuzskoye,53.6072,92.8667,34.45,100,100,2.1,RU,light snow
359,Trincomalee,8.5711,81.2335,80.76,78,1,5.95,LK,clear sky
360,Vrangel,42.7297,133.0839,39.38,90,9,5.66,RU,clear sky
361,Ipixuna,-1.7625,-48.8043,82.11,83,95,3.51,BR,moderate rain
362,Vila,42.0304,-8.1588,45.48,64,87,5.93,PT,overcast clouds
363,Mar Del Plata,-38.0023,-57.5575,71.62,36,0,13.8,AR,clear sky
364,Oriximina,-1.7656,-55.8661,75.22,95,100,2.51,BR,light rain
365,Nuristan,35.3,70.8333,29.21,44,0,10.36,AF,clear sky
366,Umarkot,25.3616,69.7362,83.35,30,57,12.93,PK,broken clouds
367,Cascais,38.6979,-9.4215,61.47,36,0,15.99,PT,clear sky
368,Xiangfan,32.0422,112.1448,60.1,68,100,6.22,CN,overcast clouds
369,Okato,-39.2,173.8833,60.91,90,100,9.01,NZ,overcast clouds
370,Talnakh,69.4865,88.3972,9.21,90,87,8.25,RU,overcast clouds
371,Lyngseidet,69.5763,20.2189,21.2,90,48,6.93,NO,scattered clouds
372,Tukums,56.9669,23.1553,38.55,95,100,16.31,LV,overcast clouds
373,Provideniya,64.3833,-173.3,-0.78,78,1,10.71,RU,clear sky
374,Cooma,-36.2333,149.1333,37.17,100,4,0.0,AU,clear sky
375,Ciudad Guayana,8.3533,-62.6528,93.65,37,85,7.18,VE,overcast clouds
376,Kushmurun,52.4503,64.6311,38.39,97,100,10.29,KZ,overcast clouds
377,Udachnyy,66.4167,112.4,0.45,84,100,4.29,RU,overcast clouds
378,Revuca,48.6835,20.1173,39.29,88,57,4.0,SK,broken clouds
379,Iquique,-20.2208,-70.1431,70.59,71,20,7.56,CL,few clouds
380,Abu Dhabi,24.4667,54.3667,75.96,90,0,4.61,AE,clear sky
381,Coihaique,-45.5752,-72.0662,56.01,67,75,4.61,CL,light intensity shower rain
382,Bakel,14.905,-12.4568,93.18,15,12,8.63,SN,few clouds
383,Aksarka,66.5606,67.7975,23.94,98,100,4.09,RU,overcast clouds
384,Linaon,9.9499,122.4483,81.41,79,56,14.56,PH,light rain
385,Sao Francisco Do Sul,-26.2433,-48.6381,78.71,83,75,3.44,BR,thunderstorm with light rain
386,Jampur,29.6441,70.5954,85.15,7,100,6.31,PK,overcast clouds
387,Bull Savanna,17.8868,-77.5902,83.19,61,8,15.43,JM,clear sky
388,Mulchen,-37.7167,-72.2333,70.79,29,7,9.42,CL,clear sky
389,Rognan,67.0953,15.3878,26.74,65,100,5.59,NO,overcast clouds
390,Nuuk,64.1835,-51.7216,34.88,80,100,5.01,GL,overcast clouds
391,Sinjai,-5.1241,120.253,73.78,92,98,3.58,ID,overcast clouds
392,Poum,-20.2333,164.0167,81.3,84,100,25.88,NC,moderate rain
393,San Cristobal,7.7669,-72.225,80.78,48,100,8.52,VE,overcast clouds
394,Clyde River,70.4692,-68.5914,14.23,92,75,4.61,CA,snow
395,Castanos,26.7833,-101.4167,88.34,32,0,9.22,MX,clear sky
396,Kavieng,-2.5744,150.7967,81.61,79,100,11.21,PG,moderate rain
397,Skjervoy,70.0311,20.9714,21.2,68,91,8.86,NO,overcast clouds
398,North Branch,45.5113,-92.9802,43.92,75,73,4.79,US,broken clouds
399,Luwuk,-0.9516,122.7875,77.29,85,100,3.18,ID,overcast clouds
400,Touros,-5.1989,-35.4608,83.61,66,21,15.14,BR,few clouds
401,Yeppoon,-23.1333,150.7333,69.58,82,18,8.5,AU,few clouds
402,Kvitok,56.0724,98.4813,23.41,70,78,7.34,RU,broken clouds
403,Balkanabat,39.5108,54.3671,73.22,29,13,11.07,TM,few clouds
404,Tarakan,3.3,117.6333,76.5,94,75,5.75,ID,light rain
405,Sakakah,29.9697,40.2064,81.97,13,4,10.45,SA,clear sky
406,Naryan-Mar,67.6713,53.087,1.45,100,93,6.62,RU,overcast clouds
407,Monrovia,6.3005,-10.7969,83.97,77,99,9.75,LR,overcast clouds
408,Mosna,46.0833,24.4,37.65,69,1,3.27,RO,clear sky
409,Kahului,20.8947,-156.47,76.96,78,100,13.0,US,overcast clouds
410,Pionerskiy,54.9508,20.2275,39.04,76,100,38.63,RU,light rain
411,Azangaro,-14.9167,-70.2167,58.95,49,29,9.86,PE,light rain
412,Mattru,7.6244,-11.8332,80.26,58,86,7.52,SL,overcast clouds
413,Oranjemund,-28.55,16.4333,60.37,89,0,1.23,NA,clear sky
414,Port Pirie,-33.1833,138.0167,51.89,41,0,5.23,AU,clear sky
415,Trairi,-3.2778,-39.2689,81.88,82,100,9.37,BR,overcast clouds
416,Puerto Baquerizo Moreno,-0.9,-89.6,81.59,78,75,13.8,EC,broken clouds
417,Shubarshi,48.5872,57.1869,47.97,86,100,10.67,KZ,overcast clouds
418,Fare,-16.7,-151.0167,82.89,72,100,17.2,PF,overcast clouds
419,Leopold,-38.1833,144.4667,52.21,96,100,6.91,AU,overcast clouds
420,Kikwit,-5.041,18.8162,75.63,82,100,2.82,CD,light rain
421,Powell River,49.8496,-124.5361,46.33,76,75,11.5,CA,broken clouds
422,Hirara,24.8,125.2833,68.47,60,10,11.41,JP,clear sky
423,Bayan,46.0833,127.4,52.56,48,100,26.19,CN,overcast clouds
424,Kurilsk,45.2333,147.8833,37.06,82,28,7.54,RU,scattered clouds
425,Grafton,42.207,-71.6856,56.84,37,63,5.99,US,broken clouds
426,Oda,35.1833,132.5,43.25,51,0,4.5,JP,clear sky
427,Canico,32.6333,-16.85,58.71,77,40,17.27,PT,scattered clouds
428,Flinders,-34.5833,150.8552,60.26,81,0,3.0,AU,clear sky
429,Inhambane,-23.865,35.3833,75.18,78,0,5.99,MZ,clear sky
430,Anadyr,64.75,177.4833,-12.5,77,0,13.42,RU,clear sky
431,Fairlie,55.756,-4.8556,51.62,90,100,22.39,GB,light rain
432,Luancheng,37.8792,114.6517,48.36,69,19,1.83,CN,few clouds
433,Ucluelet,48.9329,-125.5528,44.1,85,100,5.99,CA,overcast clouds
434,Castlemaine,-37.0667,144.2167,50.05,90,13,4.85,AU,few clouds
435,Yumen,40.2833,97.2,46.81,20,0,2.55,CN,clear sky
436,Gigmoto,13.7796,124.39,79.66,88,100,14.65,PH,light rain
437,Richards Bay,-28.783,32.0377,75.92,65,100,10.13,ZA,overcast clouds
438,Pella,59.7775,30.8181,38.55,72,100,12.53,RU,overcast clouds
439,Martil,35.6166,-5.2752,53.56,82,100,28.77,MA,overcast clouds
440,Avera,33.194,-82.5271,75.54,38,76,5.26,US,broken clouds
441,Yulara,-25.2406,130.9889,62.44,27,0,4.61,AU,clear sky
442,Vilhena,-12.7406,-60.1458,82.62,74,75,6.91,BR,thunderstorm
443,Alto Araguaia,-17.3147,-53.2153,84.2,49,2,5.84,BR,clear sky
444,Marfino,55.7028,37.3822,33.94,51,0,4.47,RU,clear sky
445,Sabha,27.0377,14.4283,86.76,5,0,9.28,LY,clear sky
446,Garoua Boulai,5.8833,14.55,65.14,83,99,3.62,CM,overcast clouds
447,Carutapera,-1.195,-46.02,81.82,78,100,5.17,BR,overcast clouds
448,Talcahuano,-36.7167,-73.1167,60.6,61,6,14.56,CL,clear sky
449,Novorzhev,57.0294,29.3338,34.21,97,100,13.76,RU,light snow
450,Ocean City,39.2776,-74.5746,57.18,39,100,5.99,US,overcast clouds
451,Angra Dos Reis,-23.0067,-44.3181,80.31,84,5,3.24,BR,clear sky
452,Shubarkuduk,49.1447,56.4872,47.44,78,100,9.64,KZ,overcast clouds
453,High Prairie,55.4334,-116.4858,39.78,64,100,6.24,CA,overcast clouds
454,Sao Joao Da Barra,-21.6403,-41.0511,84.29,75,17,11.36,BR,few clouds
455,Isabela,6.7085,121.9711,80.65,84,87,3.09,PH,overcast clouds
456,Gambela,8.25,34.5833,79.09,64,63,1.66,ET,broken clouds
457,North Bay,46.3168,-79.4663,46.42,53,75,3.44,CA,broken clouds
458,Bac Lieu,9.285,105.7244,78.55,81,64,5.35,VN,broken clouds
459,Newport,51.5877,-2.9984,56.12,84,100,11.68,GB,overcast clouds
460,Akureyri,65.6835,-18.0878,28.33,69,100,19.57,IS,overcast clouds
461,Krasnoselkup,65.7,82.4667,26.65,95,100,23.15,RU,light snow
462,Rovaniemi,66.5,25.7167,17.01,79,0,11.5,FI,clear sky
463,Sikonge,-5.6333,32.7667,68.45,82,100,2.59,TZ,light rain
464,Bontang,0.1333,117.5,77.36,88,100,3.15,ID,light rain
465,Ushtobe,45.2514,77.9838,58.57,39,100,6.78,KZ,overcast clouds
466,Balikpapan,-1.2675,116.8289,76.19,100,20,2.3,ID,moderate rain
467,Sesheke,-17.4759,24.2968,69.19,91,100,4.76,ZM,light rain
468,Severo-Kurilsk,50.6789,156.125,33.46,83,1,9.53,RU,clear sky
469,Isangel,-19.55,169.2667,78.98,85,99,6.42,VU,overcast clouds
470,Byumba,-1.5763,30.0675,61.0,85,28,3.15,RW,scattered clouds
471,Yondo,7.0062,-73.9097,84.69,70,75,4.61,CO,broken clouds
472,Shenjiamen,29.9576,122.298,54.12,70,100,10.42,CN,overcast clouds
473,Dharchula,29.85,80.5333,62.35,26,11,8.57,IN,few clouds
474,Cockburn Town,21.4612,-71.1419,82.36,69,75,16.11,TC,broken clouds
475,Gornopravdinsk,60.05,69.9,37.6,100,100,5.12,RU,overcast clouds
476,Makakilo City,21.3469,-158.0858,75.0,66,100,16.46,US,overcast clouds
477,North Bend,43.4065,-124.2243,52.92,92,100,14.97,US,overcast clouds
478,Kamaishi,39.2667,141.8833,45.43,94,100,0.94,JP,overcast clouds
479,Presidente Venceslau,-21.8761,-51.8439,85.95,53,90,2.75,BR,overcast clouds
480,Roald,62.5833,6.1333,39.76,60,40,10.36,NO,scattered clouds
481,Matara,5.9485,80.5353,77.07,86,78,0.76,LK,broken clouds
482,Srednekolymsk,67.45,153.6833,-16.44,100,100,2.86,RU,overcast clouds
483,Vieques,18.425,-65.8329,86.85,69,19,15.66,PR,few clouds
484,Solnechnyy,50.7214,136.6319,29.55,87,100,2.44,RU,snow
485,Mormugao,15.4,73.8,83.46,79,20,5.75,IN,few clouds
486,Makokou,0.5738,12.8642,71.96,96,29,3.56,GA,light rain
487,Singaraja,-8.112,115.0882,77.83,81,63,4.9,ID,broken clouds
488,Mauganj,24.6833,81.8833,84.96,7,0,3.6,IN,clear sky
489,Padang,-0.9492,100.3543,73.45,78,100,4.72,ID,overcast clouds
490,Kamenka,51.3223,42.7678,31.44,88,37,9.04,RU,scattered clouds
491,Sur,22.5667,59.5289,81.48,57,5,12.21,OM,clear sky
492,Mehamn,71.0357,27.8492,20.48,75,97,9.06,NO,overcast clouds
493,Vao,-22.6667,167.4833,79.0,84,100,17.18,NC,overcast clouds
494,Ust-Kulom,61.6864,53.6902,18.09,97,100,4.34,RU,overcast clouds
495,Arman,59.7,150.1667,17.02,83,100,10.63,RU,overcast clouds
496,Mackay,-21.15,149.2,70.68,94,100,5.75,AU,overcast clouds
497,Shaowu,27.3409,117.4831,54.27,78,2,0.2,CN,clear sky
498,Redcar,54.6166,-1.06,54.54,54,100,11.01,GB,overcast clouds
499,Odweyne,9.4092,45.064,77.54,38,35,8.19,SO,scattered clouds
500,Alugan,12.2188,125.4808,80.01,87,98,14.45,PH,overcast clouds
501,Narsaq,60.9167,-46.05,41.95,71,100,1.81,GL,overcast clouds
502,Hasaki,35.7333,140.8333,48.6,91,100,33.13,JP,overcast clouds
503,Bodden Town,19.2833,-81.25,87.8,84,40,12.66,KY,scattered clouds
504,Oktyabrskoye,43.0645,44.7417,39.34,75,0,4.47,RU,clear sky
505,Vitim,59.4511,112.5578,13.1,96,100,4.41,RU,overcast clouds
506,Xingyi,24.1877,102.817,54.88,80,48,2.15,CN,scattered clouds
507,Constitucion,-35.3333,-72.4167,65.39,48,0,17.47,CL,clear sky
508,Shahr-E Kord,32.3256,50.8644,51.57,24,0,4.61,IR,clear sky
509,Guaira,-20.3183,-48.3106,87.28,44,77,3.0,BR,broken clouds
510,Capaci,38.1711,13.2393,55.26,69,0,12.66,IT,clear sky
511,Biu,10.6129,12.1946,89.64,13,67,2.44,NG,broken clouds
512,Takoradi,4.8845,-1.7554,82.38,80,97,11.79,GH,overcast clouds
513,Orotukan,62.2667,151.7,-10.44,100,74,2.8,RU,broken clouds
514,Kulachi,31.9286,70.4592,80.17,11,4,3.65,PK,clear sky
515,Pangnirtung,66.1451,-65.7125,15.8,79,75,10.36,CA,light snow
516,Mocuba,-16.8392,36.9856,72.21,95,11,3.02,MZ,few clouds
517,Cuauhtemoc,28.4167,-106.8667,70.88,10,0,22.5,MX,clear sky
518,Maragogi,-9.0122,-35.2225,81.36,73,18,8.03,BR,few clouds
519,Quatre Cocos,-20.2078,57.7625,79.09,82,100,11.68,MU,light rain
520,Saint George,37.1041,-113.5841,74.62,27,32,3.0,US,scattered clouds
521,Marsh Harbour,26.5412,-77.0636,75.29,74,38,11.88,BS,scattered clouds
522,Barra Patuca,15.8,-84.2833,86.27,60,3,13.53,HN,clear sky
523,Dongli,23.5656,116.8194,57.18,82,20,4.47,CN,few clouds
524,Amontada,-3.3617,-39.8317,81.01,89,100,5.95,BR,overcast clouds
525,Loandjili,-4.7561,11.8578,79.2,87,99,6.93,CG,overcast clouds
526,Zyryanovsk,49.7386,84.2719,32.9,98,96,0.58,KZ,overcast clouds
527,Bartica,6.4,-58.6167,82.72,90,98,4.21,GY,overcast clouds
528,Marzuq,14.4,46.4667,70.75,38,1,6.13,YE,clear sky
529,Tatawin,32.9297,10.4518,60.87,79,100,11.45,TN,overcast clouds
530,Shakawe,-18.3667,21.85,67.77,87,6,4.9,BW,clear sky
531,Martapura,-3.4167,114.85,73.49,100,72,2.3,ID,broken clouds
532,Mongo,12.1844,18.693,95.95,12,80,3.91,TD,broken clouds
533,Cayenne,4.9333,-52.3333,82.09,1,75,12.66,GF,broken clouds
534,Leningradskiy,69.3833,178.4167,-12.41,98,99,4.38,RU,overcast clouds
535,Avanigadda,16.0215,80.9181,80.2,80,97,9.64,IN,overcast clouds
536,Caceres,39.522,-6.3748,50.07,52,100,14.36,ES,overcast clouds
537,Nouakchott,18.0858,-15.9785,69.73,87,4,13.87,MR,clear sky
538,Toora-Khem,52.4675,96.11,34.65,99,100,1.72,RU,overcast clouds
539,Rio Grande,-32.035,-52.0986,75.31,82,80,12.33,BR,broken clouds
540,Kochi,9.9399,76.2602,80.58,84,18,3.49,IN,few clouds
541,Oistins,13.0667,-59.5333,84.29,58,20,17.27,BB,few clouds
542,Morant Bay,17.8815,-76.4093,87.71,66,21,10.87,JM,few clouds
543,Caraballeda,10.6112,-66.8522,93.36,61,40,3.44,VE,scattered clouds
544,Hyeres,43.1167,6.1167,53.42,67,0,0.0,FR,clear sky
545,Yarmouth,41.7057,-70.2286,55.65,48,55,5.84,US,broken clouds
546,Kaeo,-35.1,173.7833,61.32,96,100,4.38,NZ,overcast clouds
547,Santa Maria Del Oro,25.9333,-105.3667,83.19,8,2,20.18,MX,clear sky
548,Talara,-4.5772,-81.2719,88.56,55,0,10.36,PE,clear sky
549,Ancud,-41.8697,-73.8203,56.23,86,100,11.1,CL,light rain
550,Naples,40.8333,14.25,54.21,74,0,6.91,IT,clear sky
551,Kincardine,56.0667,-3.7167,52.84,82,100,7.74,GB,overcast clouds
552,Vardo,70.3705,31.1107,28.38,64,75,12.66,NO,broken clouds
553,Dasoguz,41.8363,59.9666,73.35,27,0,11.5,TM,clear sky
554,Tecoanapa,16.5167,-98.75,83.97,53,0,10.96,MX,clear sky
555,Paamiut,61.994,-49.6678,34.12,94,100,14.5,GL,overcast clouds
556,Port Macquarie,-31.4333,152.9167,59.9,84,0,4.92,AU,clear sky
557,Idar,49.7167,7.3,40.48,96,100,17.94,DE,overcast clouds
558,Katherine,-14.4667,132.2667,80.92,74,0,5.75,AU,clear sky
559,Pitea,65.3172,21.4794,24.89,89,73,7.72,SE,broken clouds
560,Egvekinot,66.3167,-179.1667,-12.68,86,12,18.79,RU,few clouds
561,Feicheng,35.2606,117.9675,49.89,70,100,5.12,CN,overcast clouds
562,Awjilah,29.1081,21.2869,87.57,6,0,7.18,LY,clear sky
563,Kudahuvadhoo,2.6708,72.8944,83.8,60,30,2.75,MV,scattered clouds
564,Tahoua,14.8888,5.2692,100.38,7,0,5.75,NE,clear sky
565,Lucera,41.5082,15.3351,42.24,93,100,1.54,IT,overcast clouds
566,Villacarrillo,38.1156,-3.0848,40.35,71,100,7.72,ES,overcast clouds
567,Sinnamary,5.3833,-52.95,80.26,79,55,12.91,GF,light rain
568,Nachingwea,-10.3833,38.7667,71.56,94,100,3.2,TZ,overcast clouds
569,Shingu,33.7333,135.9833,40.8,69,0,7.58,JP,clear sky
570,Samana,19.2056,-69.3369,89.82,66,40,9.22,DO,scattered clouds
571,Zhigansk,66.7697,123.3711,-3.21,95,80,14.0,RU,broken clouds
572,Nabire,-3.3667,135.4833,75.63,79,100,3.51,ID,overcast clouds
573,Divinopolis,-20.1389,-44.8839,79.34,69,91,0.58,BR,overcast clouds
574,Vanimo,-2.6741,141.3028,76.98,89,100,4.85,PG,heavy intensity rain
575,Oksfjord,70.2396,22.3479,26.78,90,94,5.86,NO,overcast clouds
576,Da Lat,11.9465,108.4419,59.72,96,99,4.18,VN,overcast clouds
577,Shu,43.5983,73.7614,58.3,50,4,5.97,KZ,clear sky
578,Hofn,64.2539,-15.2082,30.22,74,100,6.91,IS,overcast clouds
579,Tame,6.461,-71.73,81.7,67,100,2.37,CO,overcast clouds
580,Tsiroanomandidy,-18.7667,46.0333,67.26,79,0,0.49,MG,clear sky
581,Riviere-Au-Renard,48.9957,-64.3971,37.69,77,100,19.17,CA,overcast clouds
582,Sapa,5.1544,120.3241,79.3,82,96,2.37,PH,overcast clouds
583,Biak,-0.9131,122.8766,76.17,81,100,3.13,ID,overcast clouds
584,Bitkine,11.9801,18.2138,96.31,12,94,2.06,TD,overcast clouds
585,Buckeye,33.3703,-112.5838,84.29,26,0,8.05,US,clear sky
586,Alice Springs,-23.7,133.8833,54.95,47,0,0.0,AU,clear sky
587,Dinghai,26.2847,119.7936,54.52,70,1,10.29,CN,clear sky
588,Phalodi,27.1333,72.3667,84.69,6,53,9.4,IN,broken clouds
589,Xuddur,4.1213,43.8894,85.46,34,11,13.18,SO,few clouds
590,Jiuquan,39.7432,98.5174,48.56,15,0,5.06,CN,clear sky
591,Pak Phanang,8.3511,100.202,79.29,83,100,10.98,TH,overcast clouds
592,Sao Luiz Gonzaga,-28.4083,-54.9608,75.58,76,82,6.38,BR,broken clouds
593,Lambarene,-0.7001,10.2406,76.17,84,20,1.54,GA,few clouds
594,Sembakung,3.8167,117.25,73.33,99,100,3.85,ID,overcast clouds
595,Torbat-E Jam,35.244,60.6225,73.31,14,0,1.03,IR,clear sky
596,Betioky,-23.7167,44.3833,77.49,61,62,3.2,MG,broken clouds
597,Rancho Palos Verdes,33.7445,-118.387,72.99,77,19,5.01,US,few clouds
598,Tambovka,50.0969,128.0489,29.19,89,100,11.79,RU,snow
599,Raudeberg,61.9875,5.1352,32.86,74,100,22.01,NO,overcast clouds
600,Kanadey,53.1679,47.5264,31.44,85,100,12.15,RU,overcast clouds
601,Cochrane,51.1834,-114.4687,53.38,30,75,12.66,CA,broken clouds
602,Aldan,58.6031,125.3894,6.75,98,100,3.24,RU,light snow
603,Ardakan,32.31,54.0175,78.53,10,100,4.43,IR,overcast clouds
604,Mildura,-34.2,142.15,53.56,66,0,0.0,AU,clear sky
605,Topolobampo,25.6,-109.05,74.8,48,12,11.79,MX,few clouds
606,Napasar,27.9667,73.55,82.29,7,88,5.57,IN,overcast clouds
607,Varberg,57.1056,12.2508,41.05,91,100,17.96,SE,overcast clouds
608,Bambous Virieux,-20.3428,57.7575,79.21,83,75,9.22,MU,broken clouds
609,Manzhouli,49.6,117.4333,20.08,62,100,11.03,CN,overcast clouds
610,Victor Harbor,-35.5667,138.6167,54.27,88,2,4.54,AU,clear sky
611,Fort Nelson,58.8053,-122.7002,33.39,51,75,9.22,CA,broken clouds
612,Wolomin,52.3401,21.2421,44.08,63,100,21.07,PL,overcast clouds
613,Lumeje,-11.55,20.7833,69.66,72,95,3.78,AO,overcast clouds
614,Chapais,49.7834,-74.8492,33.58,69,84,6.24,CA,broken clouds
615,Waingapu,-9.6567,120.2641,77.43,81,12,4.54,ID,few clouds
616,Srivardhan,18.0333,73.0167,79.99,79,54,2.37,IN,broken clouds
617,Dudinka,69.4058,86.1778,9.63,81,99,13.11,RU,overcast clouds
618,Glomfjord,66.8167,13.9667,17.51,86,82,6.73,NO,broken clouds
619,Dalmatovo,56.26,62.9362,33.4,100,100,3.09,RU,overcast clouds
620,Port-Gentil,-0.7193,8.7815,80.96,80,18,9.89,GA,few clouds
621,La Ronge,55.1001,-105.2842,43.05,36,40,16.11,CA,scattered clouds
622,Sorland,67.667,12.6934,31.86,45,12,19.35,NO,few clouds
623,Yerofey Pavlovich,53.9667,121.9667,11.12,85,100,4.21,RU,overcast clouds
624,Viransehir,37.2353,39.7631,60.49,46,100,7.78,TR,overcast clouds
625,Ayagoz,47.9714,80.4392,41.38,65,12,5.84,KZ,few clouds
626,Oussouye,12.485,-16.5469,93.38,56,7,15.73,SN,clear sky
627,Launceston,-41.45,147.1667,56.84,67,95,6.91,AU,overcast clouds
628,Rabo De Peixe,37.8,-25.5833,60.31,48,40,5.75,PT,scattered clouds
629,Calama,-22.4667,-68.9333,74.37,8,0,17.29,CL,clear sky
630,Colares,38.7992,-9.4469,61.29,36,0,15.99,PT,clear sky
631,Gaogou,34.0175,119.1886,47.95,74,100,7.14,CN,overcast clouds
632,La Maddalena,41.2142,9.4083,51.85,70,100,8.48,IT,overcast clouds
633,Igboho,8.8333,3.75,88.7,40,100,9.26,NG,overcast clouds
634,Oranjestad,12.524,-70.027,84.15,70,20,26.46,AW,few clouds
635,Moose Factory,51.2585,-80.6094,24.8,63,75,10.36,CA,broken clouds
636,Road Town,18.4167,-64.6167,84.24,65,20,10.36,VG,few clouds
637,Tutoia,-2.7619,-42.2744,80.28,85,98,9.91,BR,overcast clouds
638,Vesoul,47.5833,5.8333,45.41,71,100,7.16,FR,overcast clouds
639,Helong,42.5397,128.9972,40.23,60,97,6.82,CN,overcast clouds
640,Tucuman,-26.8241,-65.2226,66.2,72,100,5.75,AR,overcast clouds
641,Rock Springs,41.5875,-109.2029,54.05,21,100,15.99,US,overcast clouds
642,Constantine,36.365,6.6147,53.01,82,40,10.36,DZ,scattered clouds
643,Sayat,38.7839,63.8803,75.07,16,0,9.06,TM,clear sky
644,Nizhnevartovsk,60.9344,76.5531,39.22,87,100,7.0,RU,light rain
645,Kushiro,42.975,144.3747,35.64,89,0,5.77,JP,clear sky
646,Caucaia,-3.7361,-38.6531,82.35,78,75,11.5,BR,broken clouds
647,Santa Lucia,27.9117,-15.5407,59.76,55,75,19.57,ES,broken clouds
648,Mayo,38.8876,-76.5119,58.1,41,100,6.91,US,overcast clouds
649,Coquimbo,-29.9533,-71.3436,66.45,67,5,7.83,CL,clear sky
650,Durango,24.8333,-104.8333,80.19,9,84,21.0,MX,broken clouds
651,Moche,-8.1711,-79.0092,66.38,88,40,8.05,PE,drizzle
652,Porto Torres,40.835,8.3972,53.78,67,100,13.98,IT,overcast clouds
653,Tabas,33.5959,56.9244,81.82,9,22,3.96,IR,few clouds
654,Burnie,-41.0667,145.9167,54.21,78,100,6.69,AU,overcast clouds
655,Muisne,0.6,-80.0333,80.44,75,12,8.52,EC,few clouds
656,Goedereede,51.8175,3.9806,50.99,87,100,11.01,NL,overcast clouds
657,General Bravo,25.8,-99.1667,91.18,38,5,9.95,MX,clear sky
658,Thinadhoo,0.5333,72.9333,83.19,66,19,2.59,MV,few clouds
659,Luau,-10.7073,22.2247,64.6,97,100,4.43,AO,moderate rain
660,Taltal,-25.4,-70.4833,69.78,61,22,7.47,CL,few clouds
661,Sobolevo,54.4299,31.8996,29.44,83,40,11.14,RU,scattered clouds
662,Shieli,44.1667,66.75,68.95,35,0,10.38,KZ,clear sky
663,Nanakuli,21.3906,-158.1547,76.44,63,100,14.94,US,overcast clouds
664,Jesenice,46.4306,14.0669,41.4,95,17,4.74,SI,few clouds
665,Akonolinga,3.7667,12.25,73.51,74,45,2.91,CM,scattered clouds
666,Henties Bay,-22.116,14.2845,62.44,76,0,9.15,NA,clear sky
667,Euclid,41.5931,-81.5268,41.27,89,100,12.66,US,moderate rain
668,Rorvik,64.8621,11.2373,30.31,64,20,5.75,NO,few clouds
669,Williston,48.147,-103.618,60.04,37,0,8.01,US,clear sky
670,Shangzhi,45.2167,127.9667,51.93,43,18,24.34,CN,few clouds
671,Bainbridge,47.6262,-122.5212,51.76,72,14,18.01,US,light rain
672,Beeville,28.4008,-97.7483,86.29,54,100,11.5,US,overcast clouds
673,Fayaoue,-20.65,166.5333,81.75,80,100,17.47,NC,moderate rain
674,Mount Isa,-20.7333,139.5,73.17,17,0,9.22,AU,clear sky
675,Kanashevo,55.2169,62.0634,34.36,89,100,6.22,RU,overcast clouds
676,Dillingen,49.35,6.7333,44.38,65,100,14.85,DE,light rain
677,Pomabamba,-8.8333,-77.4667,60.75,58,100,5.48,PE,light rain
678,Felipe Carrillo Puerto,19.5833,-88.05,93.87,38,5,8.25,MX,clear sky
679,Tayu,-6.5397,111.0518,76.51,88,98,7.81,ID,overcast clouds
680,Husavik,66.0449,-17.3389,23.58,88,100,9.57,IS,light snow
681,Gouyave,12.1646,-61.7296,83.17,70,20,19.57,GD,few clouds
682,Panalingaan,8.7842,117.4231,76.57,85,100,2.08,PH,overcast clouds
683,Okha,53.5739,142.9478,22.6,86,63,5.39,RU,broken clouds
684,Jalalpur Pirwala,29.5069,71.2192,84.13,7,100,3.62,PK,overcast clouds
685,Aljezur,37.3191,-8.8033,50.77,87,100,9.4,PT,light rain
686,Bihac,44.8169,15.8708,39.6,76,2,4.72,BA,clear sky
687,Berdigestyakh,62.0989,126.6992,16.34,95,100,7.54,RU,overcast clouds
688,Disna,55.568,28.1971,34.86,81,100,16.46,BY,overcast clouds
689,Cheremukhovo,60.3484,59.9851,23.09,97,100,3.53,RU,overcast clouds
690,Lasa,46.6166,10.7002,28.27,87,24,3.09,IT,few clouds
691,Port Moresby,-9.4431,147.1797,75.88,87,88,3.15,PG,overcast clouds
692,Manadhoo,5.7667,73.3833,83.43,69,63,2.37,MV,broken clouds
693,Loa Janan,-0.583,117.095,72.82,99,100,1.86,ID,overcast clouds
694,Pangody,65.85,74.4859,32.9,100,100,11.12,RU,light snow
695,Pocatello,42.8713,-112.4455,45.18,62,100,21.99,US,overcast clouds
696,Praia Da Vitoria,38.7333,-27.0667,62.85,67,40,6.58,PT,scattered clouds
697,Goba,7.0167,39.9833,52.52,66,5,5.06,ET,clear sky
698,Sisimiut,66.9395,-53.6735,33.4,83,10,5.08,GL,clear sky
699,Haines Junction,60.7522,-137.5108,35.55,48,100,2.3,CA,overcast clouds
700,Catuday,16.2923,119.8062,77.68,71,18,11.65,PH,few clouds
701,Troitskoye,52.9821,84.6757,33.4,95,97,5.35,RU,overcast clouds
702,Jerome,42.7241,-114.5186,50.68,71,100,17.87,US,overcast clouds
703,Yefremov,53.1481,38.0992,29.91,87,55,5.79,RU,broken clouds
704,Margate,51.3813,1.3862,55.87,77,100,5.01,GB,overcast clouds
705,Pinawa,50.1489,-95.8811,40.46,70,84,6.2,CA,broken clouds
706,Jennings,38.7192,-90.2604,67.12,51,100,4.0,US,overcast clouds
707,Zaoyang,32.1272,112.7542,59.95,54,100,9.48,CN,overcast clouds
708,Sandpoint,48.2766,-116.5533,45.86,89,100,8.99,US,moderate rain
709,Wadi Maliz,36.4681,8.5495,56.86,89,100,6.04,TN,overcast clouds
710,Bo Phloi,14.3236,99.5161,79.32,50,81,6.73,TH,broken clouds
711,Kholodnyy,62.7167,147.95,-16.22,100,94,5.44,RU,overcast clouds
712,Umm Lajj,25.0213,37.2685,80.06,50,100,5.64,SA,overcast clouds
713,Ekhabi,53.5102,142.9671,23.4,85,79,4.88,RU,broken clouds
714,Dingzhou,38.5131,114.9956,48.31,72,0,4.74,CN,clear sky
715,Bandarbeyla,9.4942,50.8122,79.36,72,100,4.81,SO,overcast clouds
716,Singaparna,-7.3515,108.111,70.5,95,40,1.61,ID,scattered clouds
717,Cabras,39.93,8.5314,49.91,64,100,3.31,IT,overcast clouds
718,Doha,25.2867,51.5333,75.18,46,0,5.75,QA,clear sky
719,Khao Yoi,13.2403,99.8243,80.98,57,89,5.53,TH,overcast clouds
720,Staryy Nadym,65.6118,72.6842,33.85,100,100,8.99,RU,light snow
721,Portland,45.5234,-122.6762,55.69,66,75,11.01,US,broken clouds
722,San Patricio,28.017,-97.5169,87.89,53,96,18.48,US,overcast clouds
